{
    "name" : "Default Theme",
    "slug" : "default",
    "description" : "Default Theme",
    "author" : "Mazharul Islam Suzon",
    "version" : "1.0.0",
    "status" : true,
    "screenshot" : [
        {
            "primary" : "default.jpg",
            "sort" : "desc"
        }
    ],
    "headerHook" : [
        {
            "style" : ["main-css"],
            "script" : ["custom-header"],
            "blade" : ["default-template"]
        }
    ],
    "footerHook" : [
        {
            "style" : ["custom-css"],
            "script" : ["custom-footer"],
            "blade" : ["default-template"]
        }
    ],
    "." : [
        {
            "cart" : "cart_page",
            "shop" : "shop_page"
        }
    ]
}

